-- MySQL dump 10.13  Distrib 8.0.19, for Win64 (x86_64)
--
-- Host: localhost    Database: picopala
-- ------------------------------------------------------
-- Server version	5.5.5-10.4.20-MariaDB

/*!40101 SET @OLD_CHARACTER_SET_CLIENT=@@CHARACTER_SET_CLIENT */;
/*!40101 SET @OLD_CHARACTER_SET_RESULTS=@@CHARACTER_SET_RESULTS */;
/*!40101 SET @OLD_COLLATION_CONNECTION=@@COLLATION_CONNECTION */;
/*!50503 SET NAMES utf8mb4 */;
/*!40103 SET @OLD_TIME_ZONE=@@TIME_ZONE */;
/*!40103 SET TIME_ZONE='+00:00' */;
/*!40014 SET @OLD_UNIQUE_CHECKS=@@UNIQUE_CHECKS, UNIQUE_CHECKS=0 */;
/*!40014 SET @OLD_FOREIGN_KEY_CHECKS=@@FOREIGN_KEY_CHECKS, FOREIGN_KEY_CHECKS=0 */;
/*!40101 SET @OLD_SQL_MODE=@@SQL_MODE, SQL_MODE='NO_AUTO_VALUE_ON_ZERO' */;
/*!40111 SET @OLD_SQL_NOTES=@@SQL_NOTES, SQL_NOTES=0 */;

--
-- Table structure for table `categorys`
--
CREATE DATABASE `PicoPala`;
USE PicoPala;

DROP TABLE IF EXISTS `categorys`;
/*!40101 SET @saved_cs_client     = @@character_set_client */;
/*!50503 SET character_set_client = utf8mb4 */;
CREATE TABLE `categorys` (
  `IdCategory` int(11) NOT NULL AUTO_INCREMENT,
  `name` varchar(100) NOT NULL,
  PRIMARY KEY (`IdCategory`)
) ENGINE=InnoDB AUTO_INCREMENT=7 DEFAULT CHARSET=utf8mb4;
/*!40101 SET character_set_client = @saved_cs_client */;

--
-- Dumping data for table `categorys`
--

LOCK TABLES `categorys` WRITE;
/*!40000 ALTER TABLE `categorys` DISABLE KEYS */;
INSERT INTO `categorys` VALUES (1,'Climatización'),(2,'Eléctricidad'),(3,'Herramientas'),(4,'Jardín y piscinas'),(5,'Para el hogar'),(6,'Ferretería');
/*!40000 ALTER TABLE `categorys` ENABLE KEYS */;
UNLOCK TABLES;

--
-- Table structure for table `images`
--

DROP TABLE IF EXISTS `images`;
/*!40101 SET @saved_cs_client     = @@character_set_client */;
/*!50503 SET character_set_client = utf8mb4 */;
CREATE TABLE `images` (
  `idImage` int(11) NOT NULL AUTO_INCREMENT,
  `name` varchar(100) NOT NULL,
  `idProduct` int(11) NOT NULL,
  PRIMARY KEY (`idImage`),
  KEY `Images_FK` (`idProduct`),
  CONSTRAINT `Images_FK` FOREIGN KEY (`idProduct`) REFERENCES `products` (`idProduct`)
) ENGINE=InnoDB AUTO_INCREMENT=80 DEFAULT CHARSET=utf8mb4;
/*!40101 SET character_set_client = @saved_cs_client */;

--
-- Dumping data for table `images`
--

LOCK TABLES `images` WRITE;
/*!40000 ALTER TABLE `images` DISABLE KEYS */;
INSERT INTO `images` VALUES (1,'Combo Moladora-Taladro.png',1),(2,'PicoPala.png',2),(3,'instalacionElectrica.png',3),(4,'sillonesJardin.png',4),(5,'Soldador-Lusqtoff.png',5),(6,'Desmalezadora Motoguadania.png',6),(7,'ventilador.png',7),(8,'estanteFlotante.png',8),(9,'AireAcondicionadoBGH.png',9),(10,'AireAcondicionadoHITACHI.png',10),(11,'AireAcondicionadoPortatilPHILCO.png',11),(12,'VentiladorPeabody.png',12),(13,'VentiladorMagiclick.png',13),(14,'CalefactorVolcan.png',14),(15,'CalefactorBramMetal.png',15),(16,'CalefactorCalden.png',16),(17,'EstufaALenia.png',17),(18,'HamacaPraguaya.png',18),(19,'JuegoComedor.png',19),(20,'KitPiscina.png',20),(21,'pileta.png',21),(22,'KitLimpieza.png',22),(23,'PistolaDeRiego.png',23),(24,'AspersorRegador.png',24),(25,'manguera.png',25),(26,'hormiguicida.png',26),(27,'Farolinsectocutor.png',27),(28,'BarrerasAntiHormigas.png',28),(29,'cesto.png',29),(30,'trapeador.png',30),(31,'tender.png',31),(32,'SecadorVidrios.png',32),(33,'mandolina.png',33),(34,'soplete.png',34),(35,'UtensiliosCocina.png',35),(36,'guirnaldaDecoracion.png',36),(37,'PlacaAutoAdhesiva.png',37),(38,'Cesped.png',38),(39,'ruedaMampara.png',39),(40,'Termica.png',40),(41,'Variador De Ventilador.png',41),(42,'Periscopio.png',42),(43,'Cable Unipolar.png',43),(44,'Cable subterraneo.png',44),(45,'Corrugado.png',45),(46,'Cable 4mm.png',46),(47,'Tablero Electrico.png',47),(48,'Tablero de obra.png',48),(49,'Cajas De Luz.png',49),(50,'Caja De Pase.png',50),(51,'Cinta Aisladora.png',51),(52,'Lijadora.png',52),(53,'Sierra.png',53),(54,'Mototaladro.png',54),(55,'Motosierra.png',55),(56,'Sopladora.png',56),(57,'Cortadora.png',57),(58,'Set Herramientas Manuales.png',58),(59,'Pico De Loro.png',59),(60,'Hacha.png',60),(61,'Pinza.png',61),(62,'Tijeras.png',62),(63,'Remachadora.png',63),(64,'Serrucho.png',64),(65,'Martillo.png',65),(66,'Destornilladores.png',66),(67,'Tenaza.png',67),(68,'Tornillo Punta Aguja.png',68),(69,'Tarugos.png',69),(70,'Clavos.png',70),(71,'Set De Tornillos.png',71),(72,'Tornillo Punta Mecha.png',72),(73,'Bulon.png',73),(74,'Tarugo Py.png',74),(75,'Remaches.png',75),(76,'Tuercas.png',76),(77,'Tornillos Cabeza Tanque.png',77);
/*!40000 ALTER TABLE `images` ENABLE KEYS */;
UNLOCK TABLES;

--
-- Table structure for table `orderitems`
--

DROP TABLE IF EXISTS `orderitems`;
/*!40101 SET @saved_cs_client     = @@character_set_client */;
/*!50503 SET character_set_client = utf8mb4 */;
CREATE TABLE `orderitems` (
  `idOrderItem` int(11) NOT NULL AUTO_INCREMENT,
  `idOrder` int(11) NOT NULL,
  `idProduct` int(11) NOT NULL,
  `quantity` int(11) NOT NULL,
  `created_at` date DEFAULT NULL,
  `updated_at` date DEFAULT NULL,
  PRIMARY KEY (`idOrderItem`),
  UNIQUE KEY `order_items_un` (`idOrderItem`),
  KEY `order_items_FK` (`idProduct`) USING BTREE,
  KEY `order_items_FK_1` (`idOrder`) USING BTREE,
  CONSTRAINT `orderItems_FK` FOREIGN KEY (`idOrder`) REFERENCES `orders` (`idOrder`),
  CONSTRAINT `orderItems_FK_1` FOREIGN KEY (`idProduct`) REFERENCES `products` (`idProduct`)
) ENGINE=InnoDB AUTO_INCREMENT=48 DEFAULT CHARSET=utf8mb4;
/*!40101 SET character_set_client = @saved_cs_client */;

--
-- Dumping data for table `orderitems`
--

LOCK TABLES `orderitems` WRITE;
/*!40000 ALTER TABLE `orderitems` DISABLE KEYS */;
/*!40000 ALTER TABLE `orderitems` ENABLE KEYS */;
UNLOCK TABLES;

--
-- Table structure for table `orders`
--

DROP TABLE IF EXISTS `orders`;
/*!40101 SET @saved_cs_client     = @@character_set_client */;
/*!50503 SET character_set_client = utf8mb4 */;
CREATE TABLE `orders` (
  `idOrder` int(11) NOT NULL AUTO_INCREMENT,
  `idUser` int(11) NOT NULL,
  `state` varchar(100) NOT NULL,
  `created_at` date DEFAULT NULL,
  `updated_at` date DEFAULT NULL,
  PRIMARY KEY (`idOrder`),
  UNIQUE KEY `orders_un` (`idOrder`),
  KEY `orders_FK` (`idUser`) USING BTREE,
  CONSTRAINT `orders_FK` FOREIGN KEY (`idUser`) REFERENCES `users` (`idUser`)
) ENGINE=InnoDB AUTO_INCREMENT=26 DEFAULT CHARSET=utf8mb4;
/*!40101 SET character_set_client = @saved_cs_client */;

--
-- Dumping data for table `orders`
--

LOCK TABLES `orders` WRITE;
/*!40000 ALTER TABLE `orders` DISABLE KEYS */;
/*!40000 ALTER TABLE `orders` ENABLE KEYS */;
UNLOCK TABLES;

--
-- Table structure for table `products`
--

DROP TABLE IF EXISTS `products`;
/*!40101 SET @saved_cs_client     = @@character_set_client */;
/*!50503 SET character_set_client = utf8mb4 */;
CREATE TABLE `products` (
  `idProduct` int(11) NOT NULL AUTO_INCREMENT,
  `name` varchar(150) NOT NULL,
  `description` text NOT NULL,
  `price` decimal(8,2) NOT NULL,
  `discount` int(11) NOT NULL,
  `sold` int(11) NOT NULL,
  `stock` int(11) NOT NULL,
  `idSubCategory` int(11) NOT NULL,
  PRIMARY KEY (`idProduct`),
  KEY `products_FK` (`idSubCategory`),
  CONSTRAINT `products_FK` FOREIGN KEY (`idSubCategory`) REFERENCES `subcategorys` (`idSubCategory`)
) ENGINE=InnoDB AUTO_INCREMENT=80 DEFAULT CHARSET=utf8mb4;
/*!40101 SET character_set_client = @saved_cs_client */;

--
-- Dumping data for table `products`
--

LOCK TABLES `products` WRITE;
/*!40000 ALTER TABLE `products` DISABLE KEYS */;
INSERT INTO `products` VALUES (1,'Combo Amoladora Gladiator + Taladro Percutor + 5 Discos','COMBO AMOLADORA GLADIATOR + TALADRO PERCUTOR + 5 DISCOS\r\nAMOLADORA ANGULAR AA 700W GLADIATOR + TALADRO PERCUTOR 13mm REVERSIBLE VELOCIDAD VARIABLE 550W ENERGY + DISCO DE CORTE 1,2MM GLADIATOR PRO\r\nAMOLADORA ANGULAR GLADIATOR AA 415/2/220\r\nVoltaje-Frecuencia: 220V - 50-60Hz\r\nVelocidad en vacío: n0: 11000/min\r\nPotencia: 700w\r\nCapacidad: 115m - 4 1/2\"\r\nTipo de aislación: Clase II\r\nPeso: 1,8 kg\r\n\r\nTALADRO PERCUTOR ENERGY ID13/2/220\r\nContenido:\r\n1 taladro percutor\r\n1 tope de profundidad\r\n1 llave de mandril\r\n\r\nVoltaje-Frecuencia: 220V - 50-60Hz\r\nPotencia: 550W\r\nVelocidad en vacío: n0: 0-2800/min\r\nCapacidad: 13mm 1/2\"\r\nTipo de aislación: Clase II\r\nPeso: 1,5 kg\r\n\r\nDISCO DE CORTE GLADIATOR DAC811512\r\nMedidas: 115 x 1,2 x22,2 mm\r\nMáx. 13300 rpm\r\n80 m/seg.',11462.00,0,51,150,14),(2,'Combo Pico Punta Pala+ Pala Corazón Forjada Gherardi','Combo PICO PUNTA PALA +Pala Corazón Gherardi Forjada Original Cabo De Madera\r\n\r\n1)Pico Punta Pala Con Cabo De 90cm Tramontina\r\n- El pico está forjado en todo el cuerpo de la pieza, proporcionando mayor resistencia y menor desgaste durante el uso.\r\n- Fabricado en acero al carbono forjado especial de alta calidad. - Recibe pintura en polvo electrostática, que tiene una mejor presentación visual y mayor protección contra la oxidación.\r\n- Hoja tamaño 5. - Tiene un ojo ovalado de 70 x 45 mm.\r\n- El mango de 90 cm de esta herramienta, además de tener una gran resistencia, está fabricado con madera de origen renovable.\r\n- Mango con acabado barnizado, para un mejor acabado y presentación del producto. La capa protectora en barniz transparente realza su tonalidad, aportando brillo y un tacto más suave al producto.\r\n- El sistema de casquillos de plástico proporciona una excelente fijación de las picas, evitando que los cables se suelten durante el uso. El arbusto absorbe la contracción de la madera,\r\n\r\nDimensiones del producto\r\n905 x 67 x 516 mm\r\n\r\nPeso : 3kg\r\n\r\n2)PALA PUNTA CORAZÓN GHERARDI CON CABO DE MADERA\r\n\r\nCARACTERÍSTICAS GENERALES\r\n- Pala de acero forjado, templado y revenido\r\n- Autoafilado: La disminución gradual del espesor de la hoja desde los hombros a la boca otorga mayor robustez, peso justo, penetración y afilado ideal\r\n- Dimensiones de la hoja: alto: 30cm., ancho hombros: 22,5 cm.\r\n- Dimensiones de la pala: altura total: 105 cm., largo del mango: 70 cm.\r\n- Peso: 2,25kg',17850.00,0,55,150,15),(3,'Combo Instalación Electrica Domiciliaría','INSTALACIÓN DOMICILIARIA\r\n• 5 LLAVES DE LUZ PUNTO Y TOMA\r\n• 5 LLAVES DE LUZ DOBLE TOMA\r\n• 10 CAJAS DE CHAPAS RECTANGULARES\r\n• 1 TÉRMICA BIPOLAR A ELECCIÓN ( 5-10-15-20-25-32)\r\n• 1 BUSCAPOLO\r\n• 1 CAJA PARA TERMICA 4 MODULOS\r\n• 1 CINTA AISLADORA 20MTS',11325.00,0,56,150,11),(4,'Juego De 4 Sillas Sillon Jardin Garden Life Miami Exteriores','COMBO DE 4 SILLONES MIAMI CON MESA SUNSET. COLORES: NEGRO, BLANCO, GRIS Y BEIGE.\r\n\r\nMAXIMO DE 1 (UNA) UNIDAD POR COMPRA PARA SU CORRECTO DESPACHO.\r\n\r\nMEDIDAS DEL SILLON\r\nAlto: 91 cm\r\nAlto del Piso al Asiento: 26 cm\r\nAncho: 83 cm\r\nProfundidad: 74,5 cm\r\n\r\nMEDIDAS DE LA MESA\r\nAlto: 41 cm.\r\nProfundidad: 41 cm.\r\nPeso: 2 kg.\r\nSoporta: 95 kg',30999.00,0,80,150,4),(5,'Mega Kit Soldador Iron-100 + Mascara + Escuadras Lusqtoff','CONTENIDO DE LA PUBLICACIÓN\r\n• 1 Soldadora Inverter Lusqtoff IRON-100 en caja de cartón\r\n• 1 Cable con Pinza portaelectrodo\r\n• 1 Cable con Pinza masa\r\n• 1 Cepillo de limpieza\r\n• 1 Correa de transporte\r\n• 1 Manual de uso\r\n• 1 Mascara fotosensible para soldar Lusqtoff ST-1X\r\n• 4 Escuadras Soporte Magnético de 3 Pulgadas\r\n• 5 Electrodos\r\n\r\nDESCRIPCION\r\n•Con power control board: reduce la interferencia de enrejado de alambre electrificado, reduce la exposición de la maquina de soldar a la interferencia y a la radiación de otros equipos, protege a la soldadora en caso de producirse baja tensión.\r\n•Buena calidad de soldadura con electrodos revestidos - fácil apertura de arco\r\n•Para soldar estructuras livianas como caños estructurales, caños y chapas, estructura pesadas, estructuras doble T como cabreadas o reticulados.\r\n•Refrigeración turbo, con una ventilación eficiente\r\n•Sencilla y fácil de usar - establecer los parámetros para el calibre del electrodo.\r\n\r\nDATOS TÉCNICOS\r\n•Con regulador\r\n•Gabinete metálico muy resistente\r\n•No tiene Bobinados. Es a Plaqueta electrónica\r\n•Alimentación 220 VCA - 50 Hz Monofásica\r\n•Ciclo de trabajo 30%80A\r\n•Tensión sin carga 65V\r\n•Corriente de entrada clasificada 16A\r\n•Gama de corriente de salida 20 ~ 80A\r\n•Capacidad de entrada clasificada 3.5KW\r\n•Capacidad Electrodos: 1,5 a 2.5 mm\r\n•Tipo de Electrodos: 6013 y 7018\r\n•Espesor que puede soldar hasta 2.5mm\r\n•Tecnologia: Inverter 5ta generación\r\n•Indicador de ciclo de trabajo: SI\r\n•Enchufe: SI\r\n•Dimensiones: 8,3x14,5x23,5cm .v•Peso: 2,5 Kg\r\n•Largo Cables : Pinza portaelectrodos 1.90m, masa 1.30m, alimentacion 1.50m\r\n\r\nMascaras de Soldar Fotosensible Lusqtoff ST-1X\r\n• Área de visualización: 90 * 35mm\r\n• Tamaño del casquete: 110*90*9mm\r\n• Sensor de arco: 2\r\n• Estado de luz DIN: 4\r\n• Oscuro Estado DIN fijo: 11\r\n• Control ON/OFF Automático\r\n• Control de sensibilidad: No Ajustable\r\n• Protección UV / IR DIN 16\r\n• Fuente de alimentación: Panel solar/Batería recargable\r\n• Tiempo de encendido: 1 / 5000s\r\n• Tiempo de apagado: 0.10-1.0s\r\n• Alarma de bajo volumen: SI\r\n• Auto-comprobación: ADF NO\r\n• Tº Funcionamiento -5~ +55c\r\n• Tº almacenamiento-20~ +70c\r\n• Plástico de alto impacto\r\n• Peso: 420 g\r\n• Soldadura : arco y plasma\r\n• Uso: Profesional\r\n\r\nEscuadra Magnetica Lusqtoff ESCUADRA 3\' 9KGS\r\nNúmero de parte LQE6001\r\n• Peso 320 Grs.\r\n• Alto 8 cm\r\n• Largo 1 cm\r\n• Ancho 12 cm\r\n• Medida 3 pulgadas\r\n• Angulo de trabajo 45; 90 y 135°\r\n• Soporta: 9 kg\r\n• Origen: China\r\n• Uso: Profesionales y Hogareños.',26770.00,40,15,50,14),(6,'Desmalezadora Motoguadaña 52cc Fiwaki Motor A Explosion 2t','Desmalezadora Fiwaki con motor 52CC 2 tiempos de 2,2 hp\r\n\r\nCARACTERÍSTICAS TÉCNICAS:\r\n- Marca: Fiwaki\r\n- Uso: hobbista\r\n- Motor: 2 Tiempos, 52 cc\r\n- Potencia: 2.2 hp (1,65kW)\r\n- Velocidad: 6500rpm\r\n- Transmisión: Cardánica\r\n- Capacidad de combustible: 1 L\r\n- Manillar totalmente ergonómico\r\n- Carburador por diafragma\r\n- Origen: China\r\n- Garantía contra desperfectos de fabricación: 6 meses\r\n\r\nINCLUYE:\r\n- 1 Desmalezadora Fiwaki 52cc\r\n- cuchilla de 3 puntas\r\n- carretel de Nylon\r\n- Arnés\r\n- Kit de herramientas de armado.',29294.00,25,35,150,15),(7,'Ventilador 3 En 1 Pektra 20p 3 Aspas Metalico Pie Pared Piso','Refresca los ambientes sin ruidos molestos.\r\nSe ajusta a diferentes alturas\r\nCuenta con rejilla extraíble.\r\nIdeal para refrigerar.\r\nPuede ser usado: De pared / De pie / De piso\r\n\r\nCARACTERISTICAS:\r\n\r\n- Marca: Pektra\r\n- Potencia: 90W\r\n- Voltaje: 220V (Monofasico)\r\n- Diámetro total: 20 Pulgadas (50cm aprox)\r\n- Oscilación: Si\r\n- Color del ventilador: Plateado\r\n- Cantidad de velocidades: 3\r\n- Alimentación: Corriente directa\r\n- Material de las aspas: Metal\r\n- El ventilador viene desarmado en caja.\r\n- Garantía: 12 meses\r\n- Industria Argentina',12558.00,14,25,50,2),(8,'Estante Flotante De Melamina Repisa De Madera Biblioteca','Repisa Flotante de Melamina MDF.\r\nALTO 23cm\r\nANCHO 100cm\r\nPROFUNDIDAD 15 cm\r\n\r\nOpciones de color: Blanco, negro o combinada!!! A elección!!!!\r\n\r\nNuestros productos están fabricados con marcas líderes en el mercado. Trabajamos únicamente con MDF (NO AGLOMERADO)\r\nEs importante destacar esta diferencia ya que este es mucho más fuerte por su material compuesto. Es más robusto por su composición de grano fino siendo más resistente a la humedad y menos propenso a combarse o a inclinarse. Es importante tener esto en cuenta al momento de comprar productos de MELAMINA.\r\n\r\nUtilizamos Melamina MDF 18mm marca EGGER o FAPLAC. Tornillos de 50mm marca HAFELE.',13790.00,8,45,50,10),(9,'Aire acondicionado BGH Silent Air split frío/calor 3000 frigorías blanco 220V BS35WCCR','Capacidad de refrigeración de 3.45 kW.\r\nCapacidad de calefacción de 3.55 kW.\r\nFrigorías: 3000.\r\nPotencia de refrigeración de 1060W y de calefacción de 970W.\r\nEficiencia energética: A.\r\nCon función deshumidificación.\r\nTiene temporizador.\r\nCuenta con función de dormir.\r\nIncluye control remoto.\r\nDimensiones de la unidad externa: 720mm de ancho x 495mm de alto x 270mm de profundidad.\r\nDimensiones de la unidad interna: 802mm de ancho x 297mm de alto x 189mm de profundidad.\r\nElegí la mejor opción para disfrutar de cada temporada del año.',145499.00,0,15,50,1),(10,'Aire acondicionado Hitachi split inverter frío/calor 2752 frigorías blanco 220V HSFY3200FCINV','Capacidad de refrigeración de 3.45 kW.\r\nCapacidad de calefacción de 3.55 kW.\r\nFrigorías: 3000.\r\nPotencia de refrigeración de 1060W y de calefacción de 970W.\r\nEficiencia energética: A.\r\nCon función deshumidificación.\r\nTiene temporizador.\r\nCuenta con función de dormir.\r\nIncluye control remoto.\r\nDimensiones de la unidad externa: 720mm de ancho x 495mm de alto x 270mm de profundidad.\r\nDimensiones de la unidad interna: 802mm de ancho x 297mm de alto x 189mm de profundidad.\r\nElegí la mejor opción para disfrutar de cada temporada del año.',186999.00,0,6,50,1),(11,'Aire acondicionado Philco portátil frío/calor 3010 frigorías blanco 220V PHP32HA3AN','Capacidad de refrigeración de 3.5 kW.\r\nCapacidad de calefacción de 3.5 kW.\r\nFrigorías: 3010.\r\nPotencia de refrigeración de 935W y de calefacción de 1110W.\r\nEficiencia energética: A.\r\nCon función deshumidificación.\r\nTiene temporizador.\r\nCuenta con función de dormir.\r\nIncluye control remoto.\r\nDimensiones: 454mm de ancho x 700mm de alto x 365mm de profundidad.\r\nElegí la mejor opción para disfrutar de cada temporada del año.',164999.00,0,15,50,1),(12,'Ventilador de pie Peabody PE-BR500 blanco con 7 palas color transparente de plástico, 16\" de diámetro 220 V','Refresca los ambientes sin ruidos molestos.\r\nEs programable.\r\nSe ajusta a diferentes alturas.\r\nVentilador de 22 velocidades.\r\nPotencia de 35 W.\r\nIncluye control remoto.\r\nIdeal para refrigerar.',27999.00,0,5,50,2),(13,'Ventilador de pared y de piso Magiclick BMV20T negro con 5 palas de plástico, 20\" de diámetro 220 V','Refresca los ambientes sin ruidos molestos.\r\nVentilador de 3 velocidades.\r\nPotencia de 90 W.\r\nIdeal para refrigerar',10601.00,0,29,50,2),(14,'Calefactor Tiro Balanceado Volcan 2000kcal Tio Musa','• Potencia 2000 k/cal.\r\n• Diseño sólido y compactor de muy bajo mantenimiento.\r\n• Frente frío y de bordes redondeados, más seguridad en su hogar.\r\n• Bajo consumo y óptima distribución de calor.\r\n• Cámara de combustión enlozada de.gran resistencia a la corrosión.\r\n• Quemador de alto rendimiento.\r\n• Encendido piezoeléctrico.\r\n• Temperatura regulable.\r\n• Válvula de seguridad termoeléctrica.\r\n• Conductos de tiraje balanceado compatible con el estándar del mercado\r\n• Gas Natural\r\n• Eficiencia energética A\r\n\r\n• Dimensiones:\r\n• Ancho: 30,5 Cm.\r\n• Alto: 63,5 Cm.\r\n• Prof.: 17,7 Cm.\r\n• Tiraje 17,5 Cm.',38299.00,0,85,140,3),(15,'Calefactor Garrafa Bram Metal 3600kcal Infrarroja 3 Niveles','• INFRARROJA 3600KCAL /H.\r\n• 3 NIVELES DE TEMPERATURA.\r\n• CON MANGUERA Y REGULADOR.\r\n• APTA PARA USO GAS GARRAFA 10 KG.\r\n\r\nCARACTERÍSTICAS:\r\n\r\n• Marca: Bram Metal.\r\n• Modelo: PT-N02.\r\n• Rango de calentamiento 3 niveles.\r\n- Bajo / Medio / Alto.\r\n• Cubre aproximadamente: 40 m3.\r\n• Consumo aproximado: 400/500grs x hora.\r\n• 4 ruedas para fácil traslado (4cm de diámetro).\r\n• Material: chapa de acero al carbono.\r\n• Sistema electrónico de encendido.\r\n• Piloto de análisis ambiental (ODS y FFD).\r\n• Corte por volcamiento.\r\n• Con termocupla de seguridad por falta de llama.\r\n• Diseño delgado y plegable en la parte posterior para\r\nun mejor almacenamiento.\r\n• Embalaje: 50 x 30 x 80 cm | Peso: 9 kg.\r\n• NO Incluye garrafa.\r\n• Origen: China.',34320.00,0,5,50,3),(16,'Calefactor Caldén Tiro Balanceado 5000 Cal Vidrio Templado','Tiro balanceado 5000 kcal frente de vidrio templado Negro.\r\nEste producto viene con el frente Blanco, consultar disponibilidad en este color.\r\n\r\nFuncionamiento por Convección:\r\nEl aire que circula por debajo de la estufa se calienta en contacto con la cámara y es expulsado a temperatura por la parte superior de la estufa\r\n\r\nRadiación:\r\nEl calefactor al estar caliente emite calor en forma de ondas invisibles al ojo humano, que pueden sentirse si nos ubicamos frente al calefactor.\r\n\r\n-Rápida Instalación\r\n- Durabilidad garantizada\r\n- Línea europea\r\n- Vidrio Templado\r\n- No se raya el frente\r\n- Bajo consumo\r\n- Alta eficiencia\r\n- Contiene Kit de Instalación\r\n\r\nDimensiones\r\nAncho 85 CM\r\nAlto 54 CM\r\nProfundidad 18 CM\r\nGarantía de Fabrica\r\nDuración 2 Años\r\nCalorias K.Cal. 5000\r\nLinea de Calefactor Modelo Tiro Balanceado 5.0',63979.00,0,105,200,3),(17,'Estufa A Leña 7500 K Salamandra Doble Combustión C/visor','Porque este modelo es uno de los mejores del mercado en relación precio, calidad y ventajas:\r\n\r\n• Porque está elaborada completamente en chapa plegada con frente en chapa laminado en caliente 3.2 mm y cuerpo en chapa de 2.5 mm.\r\n• Porque posee sistema de doble combustión.\r\n• Tienen una mejor disipación de calor al ambiente por radiación y convección.\r\n• Está pintada con Pintura Ultra Alta Temperatura (no se quema).\r\n• Cuentan con regulador de entrada de oxígeno con modo nocturno y combustión lenta.\r\n• La Manija es desmontable con madera para brindar mejor aislación térmica.\r\n• Cuenta con ladrillos refractarios en el suelo de la cámara de combustión.\r\n• Incorpora apoya objetos para mantener caliente alimentos y líquidos.\r\n• Incluye el accesorio para la manipulación de las brazas y cenizas.\r\n• Posee un templador de acero inoxidable (únicas en el mercado).\r\n• Utiliza un sistema de ingeniería con cascada de aire que evita la fuga de humo cuando se abre la puerta para su recarga.\r\n• Son aptas tanto para usar con leña o con pellets.\r\n• Se fabrican en Argentina lo cual garantiza repuestos por cualquier percance futuro.\r\n• Salida de humo Ø 4 o 100 mm.\r\n• Dimensión: 39 cm de Profundidad x 36 cm de Ancho x 40 cm de Alto.\r\n• 7500 Kcal – Rendimiento en habitaciones hasta 60 m2 o 150 m3.\r\n• Peso: 25 kg.',59800.00,0,75,90,3),(18,'Hamaca Paraguaya 220 X 100 Cm 1 Pl Beige Con Flecos','HAMACA PARAGUAYA CON BOLSO\r\nSTOCK PERMANENTE PARA ENTREGA INMEDIATA\r\n\r\nHamaca de polietileno trenzado y tejido premium para soportar alto peso, con amarre super resistente\r\n- Medidas: 2.20 mts ( de punta a punta ) 1.00 mts de ancho\r\n-Soga para amarrar, 0.90 por lado, extensible hasta 1.80 mts\r\n- Medida en su bolso: 20 x 25 cms',8767.00,0,5,50,4),(19,'Juego Comedor Exterior 6 Personas 8 Piezas Modelo Tokio','Materiales de la estructura: Acero\r\nTipo de mesa: De comedor\r\nTipos de asientos: Silla\r\nCantidad de piezas: 8\r\nRequiere ensamblado: Sí',89000.00,0,10,50,4),(20,'Kit Pileta Hormigon Vulcano: Skimmer 20cm + Accesorios','COMBO ACCESORIOS DE INSTALACIÓN PARA PISCINA // HORMIGÓN ESTÁNDAR VULCANO\r\n\r\n¿QUÉ INCLUYE ESTE COMBO?\r\nEl combo incluye los siguientes accesorios para realizar la instalación fija a la piscina:\r\n- 1 SKIMMER 20 CM\r\n- 1 TOMA DE FONDO\r\n- 3 RETORNOS ORIENTABLES\r\n- 1 VIROLA',15989.00,0,0,50,4),(21,'Pileta estructural rectangular Nahuel N°2 con accesorios con capacidad de 800 litros de 1.6m de largo x 1.1m de ancho azul diseño bicolor','Con esta pileta Nahuel N°2 con accesorios tu diversión, en los días calurosos, está asegurada. Además es práctica y fácil de armar, solo necesitás un espacio despejado en tu patio para armarla y ¡listo! Queda inaugurado el verano, ¡prohibido no disfrutarlo!\r\n\r\nPara todo tipo de espacios\r\nPor su forma rectangular y su tamaño amplio y cómodo de 1.6 m de largo y 1.1 m de ancho, los meses de calor serán tus preferidos del año para compartir momentos únicos junto a quienes más querés.\r\n\r\nComodidad y cuidado\r\nCon su válvula de desagüe, vas a poder sacar el agua de una manera mucho más rápida y simple cuando desees limpiarla o vaciarla.',19099.00,0,35,50,5),(22,'Kit De Limpieza Para Piletas Pelopincho','KIT DE LIMPIEZA PELOPINCHO\r\n\r\nPRODUCTO 100% ORIGINAL PELOPINCHO\r\n\r\nLa caja incluye:\r\n\r\n- 1 barral extensible de hasta 1,60mts.\r\n- 1 barrefondo.\r\n- 1 saca hojas.\r\n- 1 manguera de 6mts.\r\n- 1 adaptador.',31999.00,0,24,50,5),(23,'Pistola De Riego Jardin Puntera De Bronce Regulable Presion','**Pistola de riego\r\n**Puntera de Bronce\r\n**Regulable\r\n**Acople incluido',843.00,0,12,50,6),(24,'Aspersor Regador Giratorio De Bronce Crossmaster','ASPERSOR REGADOR GIRATORIO CROSSMASTER 9937933\r\n\r\nVersátil para el jardín\r\n\r\n- 3 Picos de Bronce ajustables\r\n- Base de Aluminio Reforzada con 2 ruedas\r\n- Conector para Acople Rápido de 1/2\" Incluido ( Medida de rosca del regador: 3/4\" ) No incluye acople rápido.\r\n- Área de Riego 360º.\r\n- Giratorio con 3 brazos de latón para mayor durabilidad, resistente a la corrosión.',7882.00,0,28,50,6),(25,'Manguera De Riego Trenzada Con Accesorio (1/2 X 25m Premium)','Odranid 50 años fabricando artículos de goma\r\n\r\n(Manguera De Riego 1/2 Pulgada Verde)\r\n\r\n* Largo 25 mts\r\n* Espesor Pared 2.0mm\r\n* Reforzada Flexible\r\n* Con Accesorios Pico y Lanza',5499.00,0,145,250,6),(26,'Hormiguicida Myrmec Cebo En Pellets X 750gr','Línea: ambiental\r\nFormato del insecticida: granos\r\nTipos de insecto: hormigas\r\nPeso de la unidad: 750 g\r\nPeso neto: 750 g\r\nUnidades por envase: 1\r\nFormato de venta: Unidad\r\nUnidades por pack: 2\r\nTipo de envase: Bolsa',1190.00,0,83,130,7),(27,'Farol Lampara Luz Uv Matamosquitos Moscas Insectos Para Mesa','Farol insectocutor\r\n\r\nLongitud de onda: 365 nm\r\nMedidas: 11,8 cm × 11,8 cm × 26,5 cm\r\nVoltaje: 220V / 50HZ.\r\nSin ventiladores, sin químicos, sin venenos.\r\nUso: Sirve para mantener una area de mesa/cena libre de insectos',5452.00,0,14,50,7),(28,'Pack 10 Barreras Anti Hormigas De 1mt Proteccion Arboles','BARRERA ANTIHORMIGA 10mts\r\n** La mejor manera de frenar a las hormigas, orugas u otro insecto, impidiéndoles que suban a las plantas, cultivos, arboles, etc.\r\n** Es los más económico, de fácil aplicación y eficaz método preventivo, para evitar que los insectos, trepen por el tronco/tallo y produzcan mucho daño en plantas ornamentales, frutales y árboles en general.\r\n** Barrera con un film deslizante, posee gran durabilidad a la intemperie\r\n** La barrera es un método físico natural, 100% ecológico, detiene a las hormigas sin necesidad de aplicar venenos tóxicos o agroquímicos.\r\n** Presentación: 10 tiras de 1mt lineal',3350.00,0,31,50,7),(29,'Cesto De Basura 16 l Reciclaje Dos Compartimentos Begonia','1. Color: Metálico\r\n2. Material: Acero Inoxidable\r\n3. Operación con el pie, manos libres\r\n4. Pedal de metal integrado a la base\r\n5. Contenedor interior higiénico con asa y removible\r\n6. Doble Compartimiento para separación de residuos. Cada compartimento tiene su propio bote en material plástico\r\n7. Medidas:\r\nTotales: 31 cm x 26,5 cm x 39,5 cm (capacidad total 16L)\r\nCada compartimento: 22 x 14.5 x 34.5cm (capacidad 8L cada uno)\r\n8. Altura con tapa abierta: 63,2 cm/ Altura con tapa cerrada: 45,5 cm\r\n9. Peso: 2,9 kg\r\n10. Capacidad: 16L (cada compartimiento 8L)',7299.00,10,55,85,8),(30,'Trapeador Plano Mopa Con Balde Escurridor Con Una Mopa Extra','TRAPEADOR PLANO MOPA CON BALDE ESCURRIDOR MAS UNA MOPA EXTRA\r\nINCLUYE: 1 PAÑO COLOCADO + 1 PAÑO DE REPUESTO EXTRA\r\n\r\nMango, mopa y balde de 2 cámaras, uno seco y otro húmedo, con capacidad de 5 litros cada uno, para un trapeado fácil y rápido. Con un sistema exclusivo para escurrir, elimina la suciedad y el agua del trapeador sin necesidad de girar o apretar.\r\nGracias a la almohadilla de microfibra se obtienen los mejores resultados. Fácil de absorber líquidos y recoger polvo, suciedad, pelos, etc.\r\nLas almohadillas son de múltiple uso y se pueden lavar en tu lavarropas o también a mano.\r\nMuy útil para pisos de vinilo, madera, bambú, piedra, vidrio y cerámica. También lo podes usar para tu auto, ventanas y puertas.\r\nEl balde posee una capacidad de 5 litros y viene con dos desagotes por separado en cada lado.\r\nEl mango es de acero inoxidable con agarre especial para simplificar el uso y garantizar una limpieza a fondo.\r\nEste artículo incluye una mopa extra!.\r\n\r\nMedidas mango: 128 cm. de alto | 2,2 cm. de diámetro\r\n\r\nMedidas mopa: 33 cm. de largo | 12 cm. de ancho\r\n\r\nMedidas balde: 21 cm. de largo | 21 cm. de ancho | 40 cm. de alto',5399.00,0,5,50,8),(31,'Tender De Ropa Con Alas Exahome Plegable Mas Grande','Tender Con Alas 8 Varillas EXAHOME\r\n\r\nUNICO DESPLEGADO 145cm x40x90\r\n\r\nMarca:\r\nEXAHOME\r\nINDUSTRIA NACIONAL\r\nModelo:\r\nTipo de tender: DE PIE\r\nMaterial del tender: Acero\r\nColor blanco\r\nPintura anticorrosiva',3990.00,5,5,50,8),(32,'Mini Secador Vidrios + 4 Paños Microfibra Multiuso Limpieza','Pack de Limpieza Multiuso:\r\n- Secador Limpia Vidrios Multiuso Pequeño\r\n- 4 Paños Microfibra (azul / naranja / amarillo / verde)\r\n\r\nCaracterísticas Secador Limpia Vidrios Multiuso Pequeño:\r\n- Medidas: 20 cm (ancho) x 21 cm (alto).\r\n- Peso: 45 grs.\r\n\r\nCaracterísticas de los 4 Paños:\r\n- Medida de cada paño: 30 x 30 cm.\r\n- Microfibra en ambas caras, no deja rastros, ni pelusas.\r\n- Limpia, seca y hace brillar al mismo tiempo.\r\n- Larga duración, extra absorción.\r\n- Apto para multiuso: deportes, autos, hogar, oficina.\r\n- 1 paño de cada color: azul / naranja / amarillo / verde.',1589.00,0,5,50,8),(33,'Cortador Mandolina Rallador Multiples Vegetal+taper+colador','MANDOLINA MULTIRALLADOR VEGETALES FRUTAS PREMIUM\r\n\r\n- EXCELENTE CALIDAD\r\n- PVC SUPER RESISTENTE\r\n-7 CUCHILLAS INTERCAMBIABLES EN ACERO INOXIDABLE\r\n- CON TAPER + ESCURRIDOR COLADOR\r\n- CON SEPARADOR DE HUEVO (YEMA/CLARA)\r\n- MEDIDAS 32 X 11 X 11 CM\r\n- ES LA MANDOLINA MAS COMPPLETA DEL MERCADO\r\n- SUPER PRACTICO\r\n- IDEAL PARA COCINAR DECORATIVO,RICO Y FÁCIL\r\n\r\nTENEMOS EL MEJOR PRECIO DE MERCADO LIBRE,CONSULTE POR IMPORTANTES DESCUENTOS PARA REVENDEDORES\r\n\r\nRALLA A 3 MM Y A 2 MM, REBANA ONDEADO A 2 MM,REBANA SIMPLE A 2 MM,PICA A 7 MM, HACE PAPAS BASTÓN A 12 MM Y A 6 MM.\r\nFACILITA EL LABOR A LA HORA DE COCINAR',8599.00,15,7,50,9),(34,'Soplete Flambeador Gastronomico Recargable Reposteria Facil','SOPLETE FLAMBEADOR A GAS BUTANO\r\n\r\n-Suelda, Flambea, Calienta.\r\n– Flambeador Soplete de mano.\r\n– Ideal para Repostería.\r\n– Funciona con Mini Garrafa de Gas Butano (no incluida)\r\n– Regulador de llama.\r\n– Encendido Electrónico\r\n– Usar con cartucho de 227 g.\r\n\r\nCARACTERISTICAS:\r\n\r\n* MATERIAL: Metal y Plástico\r\n* PESO: 200 g.\r\n* TIPO DE GAS: Butano.',1426.00,5,35,50,9),(35,'Utensilios Cocina Portautensilios Punta Silicona Set 12.','Material del Mango: Madera\r\nMaterial de la Punta: Silicona color gris oscuro\r\n\r\n-Resisten hasta 600° F\r\n-Mango ergonómico',10750.00,0,5,50,9),(36,'30 Mts Guirnalda De Luces P/exterior C/focos Vintage Calidos','Nuestras guirnaldas son todas APTAS EXTERIOR y LLUVIA!! (no es necesario descolgarlas al momento de la lluvia, pueden quedar fijas a la intemperie).\r\n\r\nEL PRECIO INCLUYE:\r\n\r\n• 30 METROS DE LARGO TOTAL DE CABLE.\r\n\r\n• 28 LÁMPARAS INCANDESCENTES TRANSPARENTES VINTAGE, LUZ CALIDA\r\n\r\n• 28 PORTALÁMPARAS PLÁSTICOS PARA EXTERIOR (ubicados cada 1 metro).\r\n\r\n• 1 TOMA CORRIENTE MACHO EN UN EXTREMO A 2 METROS DEL PRIMER PORTALAMPARA.\r\n\r\n• 1 METRO DE CABLE LIBRE EN EL EXTREMO FINAL CON UN \"RULITO\" DE CABLE PARA COLGAR FACILMENTE Y COMPLETAMENTE ASILADO.',13999.00,0,5,50,10),(37,'Pared Decowall Placa Auto-adhesiva! 3d! Envios Por 4 Placas!','PRECIO POR 4 PLACAS DE: 77 cm de alto x 70 cm de ancho x 8 mm espesor (SON 2 METROS CUADRADOS) Material: Espuma de polietileno expandido\r\n-Material y adhesivo extra fuerte\r\n-Se puede pintar con cualquier pintura sintética\r\n-Lavable e impermeable\r\n-Se coloca de forma rápida, directo a la pared\r\n-Se puede cortar fácilmente con tijera o cutter\r\n-Se pueden pegar en paredes de cemento, vidrio, durlock, yeso, ladrillo, revoque, madera, cerámica, azulejo, paredes pintadas y mucho mas. Siempre seca y sin polvillo.\r\n-Colocación muy fácil! Son auto-adhesivas. Solo despegas el film y pegas en la superficie que vos necesites. ¡Y LISTO!',6710.00,0,78,150,10),(38,'Jardin Vertical Artificial Panel Cesped Muro Verde Packx10u.','*SHESHU HOME *TIENDA OFICIAL\r\n*LA MEJOR CALIDAD EN PANELES DE CESPED PARA JARDINES VERTICALES ARTIFICIALES !!!\r\n* EL PRECIO CORRESPONDE A 10 PANELES DE CESPED DE 40X60CM ,DE LA FOTO PRINCIPAL DE LA PUBLICACIÓN .\r\n\r\n* 4 PANELES CUBREN 1 METRO CUADRADO APROX. (0,96M2)',11999.00,8,5,50,10),(39,'Repuesto Rueda Mampara Ducha Curva Cuadrada X 2 Superiores','Perfecto para reemplazar sus rodillos rotos y dañados.\r\nDiámetro de la rueda: 23mm aprox\r\nEl precio de la publicación corresponde a:\r\n2 ruedas superiores\r\n2 tapa tornillo.\r\nSu consulta no molesta.\r\nSu reemplazo es fácil.\r\nanchura de la rueda: 6mm\r\nTamaño mínimo del agujero en el vidrio: 12-14mm.\r\nGrosor máximo del vidrio: 4-6mm.\r\nEl Centro del orificio al borde del vidrio es de 18mm.',2200.00,0,5,50,10),(40,'Termica Bipolar Sica De 32a Ampere Original Oferta Exclusiva','Termica Bipolar Sica De 32a Amper\r\n\r\nUn interruptor termomagnético o llave térmica, es un dispositivo capaz de interrumpir la corriente eléctrica de un circuito cuando ésta sobrepasa ciertos valores máximos. Su funcionamiento se basa en dos de los efectos producidos por la circulación de corriente en un circuito: el magnético y el térmico. El dispositivo consta, por tanto, de dos partes, un electroimán y una lámina bimetálica, conectadas en serie y por las que circula la corriente que va hacia la carga. Al igual que los fusibles, los interruptores magnetotérmicos protegen la instalación contra sobrecargas y cortocircuito.\r\n\r\nEspecificaciones:\r\n\r\n-Capacidad de Ruptura: 3 KA\r\n-Curva: C\r\n-Polos: 2P\r\n-Bornes para cables hasta: hasta 16mm\r\n-Frecuencia : 50/60Hz\r\n-Linea: Sicalimit\r\n-Montaje: Riel Din\r\n-Tensión: 230v\r\n-Unidad de medida: C/U\r\n-Marca: SICA',1565.00,0,5,50,11),(41,'Variador De Ventilador Techo Tecla Caja Exterior Blanco','MODULO VARIADOR DE VENTILADOR 150W ELECTRONICO CAJA EXTERIOR\r\n\r\n- Ideal para Ventiladores de Techo.\r\n\r\nInformacion General:\r\n\r\n* Marca: Electronica Argentina.\r\n* Modelo: E00130.\r\n* Potencia Maxima: 150W.\r\n* Incluye modulo tecla de luz.\r\n* Alimentacion: 220 V.\r\n* Color: Blanco.',1999.00,0,5,50,11),(42,'Periscopio Cambre Piso/pared C/4 Tomas 10 Amp Por E631','PERISCOPIO TRIANGULAR PARA PISO ARMADO CON 4 TOMAS\r\nMARCA: CAMBRE\r\nMODELO. 6991\r\nLINEA: SXXI/SXXII\r\nCorriente nominal: 10 A',3678.00,7,5,50,11),(43,'Cable Unipolar Argencable 1.5mm Rollo X 100 Mts','CABLE UNIPOLAR ARGENCABLE\r\nLos rollos de cables de esta publicación pertenecen a una línea económica dentro del mercado de cables. Los mismos son elaborados con PVC ignífugo, flexible.\r\nSon aptos para conexiones eléctricas de bajo consumo.\r\nResistente a los golpes. Aislación ecológica sin contenido de metales pesados. Sin plomo.\r\n\r\n¿Para que sirve cada medida de cable unipolar?\r\n1.5mm: sirve para el retorno de luces y colocación de lamparas\r\n2.5mm: sirve para la instalación interior de domicilios, tomas\r\n4mm: sirve para conexión de aires y maquinarias\r\n6mm: sirve para pilar de hogar, maquinarias\r\n\r\n#CARACTERISTICAS:\r\n-Modelo: 1x1,5 mm\r\n-Tipo de cable: Unipolar\r\n-Colores: rojo, blanco, negro, azul, negro, verde-amarillo.\r\n-Medidas: Rollo por 100mts\r\n-Diseñado para tensiones de hasta 450/700V\r\n-Conductor de alucobre: 30% cobre, 70% aluminio.\r\n-Corriente maxima admisible: 13A\r\n-Cantidad de filamentos de cada seccion: 8 filamentos de 0.20mm de alucobre\r\n-Diametro exterior (PVC mas conductor): 1.5mm',3939.00,0,5,50,12),(44,'Cable Subterráneo Bipolar 2x4 Mm Rollo X100 Metros','Marca: BROKE\r\nModelo: Subterraneo\r\nTipo de cable: Subterráneo\r\nMaterial de la cubierta: PVC\r\nMateriales del conductor: Aluminio Cobreado\r\nEs inflamable: No\r\nMateriales del aislamiento: PVC',31590.00,0,5,50,12),(45,'Rollo Caño Corrugado Blanco 3/4 X 25mts Flexible Ignifugo','Caño corrugado 3/4 de 25mts.\r\n\r\n- Medida: 3/4 pulgadas\r\n- Material: Polipropileno, aditivado con retardante de llama\r\n- Color: Gris\r\n- Rollo: 25mts\r\n- Origen: Argentina.',2047.00,0,5,50,12),(46,'Cable 4mm Unipolar Superastic Pirelli Prysmian X 50mts','Marca: Pirelli\r\nModelo: Prysmian\r\nTipo de cable: Unipolar\r\nSección: 1 x 4 mm²\r\nLargo del cable: 50 m\r\nTipo de envase: Rollo\r\n\r\nOtros\r\n\r\nMaterial de la cubierta: PVC\r\nMateriales del conductor: 100% Cobre\r\nEs inflamable: No\r\nNormas aplicables: IRAM\r\nMateriales del aislamiento: PVC',20245.00,0,5,50,12),(47,'Tablero Electrico Caja Térmica Emb/ext 8 Polos 4 Térmicas','Caja Para Termicas Embutir Exterior Taad 8 Modulos 4 Termicas\r\n\r\nDescripción del producto:\r\n\r\nCaja Embutir TAAD\r\n4-8 Polos\r\nMedidas: 14.5cm ancho x 16.5cm largo x 5.5cm profundidad',801.00,0,5,50,13),(48,'Tablero De Obra Trifásico/monofásico Conextube','Tablero de obra Trifasico/Monofasico Conextube\r\n\r\nEsta compuesto por:\r\n- 1 tablero IP55 P/12 módulos Din\r\n- 1 disyuntor 4x63\r\n- 1 termomagnético 4x32\r\n- 1 termomagnético 2x10\r\n- 2 tomas capsulado.\r\n- 1 toma 3x16\r\n- 1 toma 5x16\r\n- 1 pulsador de emergencia\r\n- 3 indicador LED 220v verde, ambar y rojo',77000.00,3,5,50,13),(49,'Cajas De Luz Plásticas Embutir Genrod Rectangular Pack X 12u','Marca: Genrod\r\nModelo: 02210PG-12\r\n\r\nOtros\r\n\r\nLargo x Ancho x Profundidad: 100 mm x 50 mm x 50 mm\r\nForma: Rectangular\r\nMaterial: PVC\r\nUnidades por envase: 12\r\n\r\nDescripción\r\n\r\nCajas De Luz Plásticas Embutir Genrod Rectangular Pack x 12u\r\nSe utilizan para organizar el paso de cableados, desarrolladas para instalarse embutidas en todo tipo de instalación fija, siendo aptas para la construcción tradicional como en seco.',1199.00,0,5,50,13),(50,'Caja De Pase Estanca Ip65 Pvc Roker Pr1010/106 230x300x106mm','Características principales\r\nMarca: Roker\r\nModelo Pr 1010/106\r\n\r\nOtros\r\n\r\nLargo x Ancho x Profundidad: 30 cm x 23 cm x 10.6 cm\r\nForma: Rectangular\r\nGrado de protección: IP65\r\nMaterial: Plástico\r\nUnidades por envase: 1\r\n\r\nDescripción\r\n\r\nCaja de pase estanca PVC IP65\r\nMedidas externas: 230 x 300 x 106mm\r\nMedidas internas: 210 x 280 x 100mm\r\nMarca: Roker - Código: PR 1010/106',3808.00,0,5,50,13),(51,'Cinta Aisladora Negra Tacsa Rollo 19mm. X10 Metros Pack X10','CINTA AISLADORA TACSA\r\nPACK DE 10 ROLLOS DE 10 MTS. CADA UNO\r\n(Los 10 rollos son del mismo color. El mismo debe ser elegido antes de finalizar la compra. No se envían diferentes colores en un mismo pack de 10 unidades)\r\n\r\nCARACTERÍSTICAS GENERALES\r\n\r\n- Largo: 10 m.\r\n- Ancho: 1,9 cm.\r\n- Espesor: 0,15 mm.\r\n- Flexible, elongable, resiliente, con buena adhesión al cable\r\n- Fácil de cortar y autoextinguible según normas de seguridad',1831.00,0,5,50,12),(52,'Cepillo eléctrico de mano Total Tools TL1108236 82mm 220V - 240V turquesa','Total Tools TL1108236 es un cepillo eléctrico ligero y versátil con el cuál vas a poder manipular con gran facilidad. Ya sea que te dediques a trabajar en madera de forma profesional, o lo hagas como pasatiempo en tu hogar, esta será una herramienta indispensable para que tus labores sean eficientes y tus terminaciones prolijas y parejas.',14299.00,5,5,50,14),(53,'Sierra Sable Electrica De Mano 750w Total Velocidad Variable','CONTENIDO DE LA PUBLICACIÓN\r\n\r\n• 1 Sierra Sable TOTAL TS100806\r\n• 1 Hoja para Madera\r\n• 1 Hoja para Metal\r\n• 1 Manual de uso\r\n\r\nDATOS TECNICOS\r\n\r\n• Alimentación: electrico\r\n• Potencia: 750W (1 HP)\r\n• Velocidad Variable: 900-3.300rpm\r\n• Capacidad máxima de corte Madera: 115 mm\r\n• Capacidad máxima de corte Acero: 8 mm\r\n• Capacidad máxima de corte Aluminio: 12 mm\r\n• Altura De Elevación: 20 mm\r\n• Sistema SDS\r\n• Uso: Profesional',35279.00,20,5,50,14),(54,'Mototaladro A Explosion Mandril 16mm 26cc 1050w +mechas','Mototaladro Mandril 16mm Explosion 26cc + Mechas\r\n\r\nINCLUYE:\r\n\r\n+ 1 Mecha DE 13 X 150 mm\r\n+ 1 Mecha DE 28 X 330 mm\r\n+ 1 Bidon para Mezcla de Nafta\r\n+ 1 Mandril Ajustable DE 16 mm\r\n+ 1 Llave Saca Bujía\r\n+ 1 Llave Combinada de 10 x 8\r\n+ 2 Llaves ALLEN\r\n\r\nCARACTERISTICAS TECNICAS:\r\n\r\n+ Tipo de motor : 2 Tiempos\r\n+ Alimentación : Mezcla nafta y aceite\r\n+ Mango lateral : Si\r\n+ Aplicaciones : Madera\r\n+ Cantidad de mechas : 2\r\n+ Tamaño de mecha 1 : 13 X 150 mm\r\n+ Tamaño de mecha 2 : 28 X 330mm\r\n+ Profundidad : 44 Cm\r\n+ Altura : 32 Cm\r\n+ Largo : 26.5 Cm\r\n+ Peso bruto : 6,2 Kg\r\n+ Velocidad variable de 2800 a 3200 RPM\r\n+ Velocidad máxima : 7500 rpm\r\n+ Cilindrada : 26 cc\r\n+ Tipo de herramienta : Taladro\r\n+ Medidor de profundidad : No\r\n+ Tamaño del mandril : 16 Mm ( 3mm a 16mm )\r\n+ Capacidad máxima en metal : 10 Cm\r\n+ Potencia : 1050 Wats',47499.00,0,5,50,14),(55,'Motosierra a nafta Omaha Tools Omaha Pro 58cc MS58 3.2hp','Características principales\r\n\r\nMarca: Omaha Tools\r\nLínea: Omaha Pro\r\nModelo: MS58\r\n\r\nOtros\r\n\r\nTipos de combustible: Nafta\r\nPotencia: 3.2 hp\r\nCilindrada: 58 cc\r\nLargo de las espadas compatibles: 20\"\r\nVelocidad máxima: 11000 rpm\r\nUsos recomendados: Forestal\r\nCapacidad del tanque: 560 mL\r\nCon sistema anti-vibración: Sí\r\nCon freno de cadena: Sí\r\nAccesorios incluidos: Funda para espada, Lima, Mezclador de combustible\r\nMecanismo de arranque: Polea retráctil',25799.00,0,5,50,15),(56,'Sopladora Aspiradora De Hojas Niwa Nafta A Explosion Naftera','Soplador Aspirador Niwa SNW -26 de 26 cc a Nafta\r\nSopla Aspira Tritura de hojas todo en 1\r\nIncluye anteojos y aceite 2 t de regalo !\r\n\r\nLHC HERRAMIENTAS\r\n\r\n25 años de experiencia en el mercado nos avalan en todo el país, en nuestros locales de venta y atención personalizada al público.\r\n\r\nSomos Representantes y Service Oficial:\r\nHusqvarna, Niwa, Poulan, Petri, Gamma, Einhell, Karcher, Motomel, Bosch, Skill, Dremel, Kawi, entre otras.\r\n\r\nSopla aspiradora Niwa SNW-26 + anteojos proteccion\r\n\r\nLa sopla-aspiradora Niwa SNW-26 es una de las preferidas del mercado por su versatilidad y gran eficiencia de uso. Incluye el kit de aspiración para quitar los residuos del césped recién cortado. Ideal para el usuario que no se conforma con poco.\r\n\r\n- Potencia 1 Hp.\r\n- Cilindrada 26 cc.\r\n- Máxima velocidad 7500 rpm.\r\n- Velocidad de aire 270 mph.\r\n- Flujo de aire por minuto 660 cm3.\r\n- Incluye bolsa recolectora .\r\n- Motor 2 Tiempos .\r\n- Capacidad de tanque 0.5 Lts.\r\n- Alta capacidad de soplador.\r\n- Ideal para parques y jardines.\r\n- Encendido fácil y rápido.\r\n- Incluye: bolsa recolectora y correa para colgar.',48990.00,0,5,50,15),(57,'Cortadora Cesped Nafta Greenpark Motor Zongshen 5,5hp 4en1','Cortadora de césped naftera GreenPark con Motor 5.5hp Zongshen 4 en 1\r\n\r\nMarca: GreenPark\r\nMotor: 5.5 HP Zongshen (China)\r\n\r\nPotencia 5,5 hp\r\nMotor 4 Tiempos\r\n\r\n4 En 1\r\n1- Descarga Lateral\r\n2- Trituradora\r\n3- Recolectora\r\n4- Autopropulsada\r\n\r\nSIN EMBRAGUE\r\n\r\nMOTOR CON LLAVE DE PASO DE NAFTA Y LLAVE DE CONTACTO STOP ON/OFF. ESTA MAQUINA VIENE SIN EMBRAGUE, SOLO ACTIVAR PASO DE NAFTA, ENCEDENDER LA LLAVE DE CONTACTO Y TIRAR DE LA SOGA DE ARRANQUE.\r\n\r\nChasis de Acero 2mm\r\nDiámetro de corte: 20\" (50cm)\r\nRuedas delanteras: 8\"\r\nRuedas traseras: 10\"\r\nRegistro de corte: 7 posiciones',134862.00,0,5,50,15),(58,'Set Herramientas Manuales X152 Black & Decker Bmt152c-ar B+d','Set De Herramientas Manuales 152 Piezas BMT152C-AR\r\n\r\nDescripción\r\n\r\n– 1 cabeza: 1/4\",\r\n– 9 dados encastre: 1/4\"(5,13 mm),\r\n– 30 puntas: 1\" (25 mm),\r\n– fenda: 2,5, 4, 5, 5,5, 6,\r\n– PHO, PH1, PH1, PH2, PH2, PH3, T10, T15, T20, T25, T27, T30, H1,5, H2, H2,5, H3, H4, H5, H6, PZ0, PZ1, PZ1, PZ2, PZ2, PZ3,\r\n– Destornilladores: fenda 5 x 75 m, fenda 6 x 100 mm, PH1 x 75 mm, PH2 x 100 mm,\r\n– Llaves hexagonales: de 1,5 – 10 mm,\r\n– Alicate corte diagonal: 6\" (160 mm),\r\n– Alicate universal: 6\" (160 mm),\r\n– Alicate bomba de agua: 250 mm,\r\n– Martillo mango de acero: 12 oz,\r\n– Cuchilla snap-off: 18 mm,\r\n– Repuesto para cuchilla snap-off: 18 mm,\r\n– Regla de metal: 6\" (150 mm),\r\n– Nivel torpedo: 9\" (225 mm).',16969.00,0,5,50,16),(59,'Pinza Pico De Loro 10 Doble Cremallera Mango Ergonomico','Material de la cabeza: Acero\r\nMaterial del mango: Goma\r\nLargo: 250 mm\r\nApertura máxima de la cabeza: 100 mm',1599.00,5,5,50,16),(60,'Hacha De Corte 600grs Cabo De Fibra Belarra Hch6000','Tipo de hacha: De mano\r\nMaterial del mango: Fibra de vidrio\r\nPeso de la cabeza: 600 g\r\nPeso total: 800 g\r\nLargo total: 36 cm\r\nLargo del filo: 12 cm\r\nCon manija: Sí',2990.00,0,5,50,16),(61,'Pinza Universal Profesional Aislada Mango Engomado','Longitud de la pinza universal: 8\"\r\nMaterial de la manija: Goma/ABS\r\nMaterial de la cabeza: Acero',2300.00,0,5,50,16),(62,'Tijeras De Aviación Corta Chapa Recta 10 Pulgadas Pinza','Tipo de pinza: Recta\r\nMaterial del mango: Goma\r\nAncho de la mordaza: 25 mm\r\nLargo de la mordaza: 20 mm',5600.00,0,5,50,16),(63,'Remachadora Pop Manual 4 Puntas De Distintas Medidas 9.5','Tipo de remache: Pop\r\nCantidad de boquillas: 4\r\nMaterial: Acero\r\nLargo: 24\"\r\nAccesorios incluidos: Llave',1083.00,0,5,50,16),(64,'Caja Para Ingletes Bremen 7492 + Serrucho Costilla 3377','SERRUCHO COSTILLA EBANISTA BREMEN 12\" DOBLE FILO 300MM\r\n\r\nCaracterísticas:\r\n\r\n-Mango Anatómico\r\n-Dientes Doble Filo\r\n-10 Dientes por Pulgada\r\n-Material de la hoja: Ac-65mn\r\n-Material del mango: ABS & TPR\r\n\r\nQUE INCLUYE\r\n\r\n# Caja Para Ingletes Bremen 7492 + Serrucho Costilla 3377',5000.00,0,5,50,16),(65,'Martillo Galponero Acero Forjado 16 Oz 450 G Black Jack Ferr','Material de la cabeza: Hierro\r\nMaterial de la manija: Madera\r\nLargo del martillo: 30 cm',1999.00,0,5,50,16),(66,'Kit Juego Destornilladores 8 Piezas Phillips Pala Imantados','Tipos de puntas: Phillips y Pala\r\nTamaños de las puntas: PH0 X 75MM,PH1X 150MM,PH2 X 38MM,PH2X 100MM,8 X 200MM,6 X 100MM,3 X 75MM,6 X 38MM,5 X 150MM\r\nCantidad de puntas: 9\r\nLargo: 32 cm\r\nMateriales: Goma,Plastico,Acero\r\nCon punta intercambiable: No',7300.00,20,5,50,16),(67,'Tenaza Carpintero Profesional 7 Pulgadas Black Jack Ferreter','Tamaño: 7\"\r\nMaterial: Cromo vanadium\r\nCon mango antideslizante: Sí',1724.00,0,5,50,16),(68,'Tornillo Punta Aguja T2 6 X 1 Rosca Fina X 1000 U.','Tornillo Punta Aguja\r\n-Rosca Fina\r\n-Medida 6 x 1\" (25 mm)\r\n-Color Negro\r\n-Cabeza Fresada\r\n-Para colocar con Punta PH2\r\n-Caja Por 1000 Unidades',2299.00,0,5,50,17),(69,'Tarugos De Nylon 8mm Bolsa X 100 Unidades C/tope','Largo: 40 mm\r\nMaterial: Plástico\r\nCantidad de tarugos: 100\r\nTipo de uso: General\r\nTope: Sí\r\nTornillo: No',399.00,0,5,50,17),(70,'Clavo Espiralado Punta París 6 Pulgadas Por 1 Kg','Fabricante: Acindar\r\nTipo de cabeza del clavo: Plana\r\nTipo de cuerpo del clavo: Espiralado\r\nTipo de punta: Punta Paris\r\nLargo: 6 pulgadas\r\nUnidades por envase: 45',1550.00,0,5,50,17),(71,'Set De Tornillos Y Arandelas Para Fijaciones De Snowboard','Set de tornillos y arandelas para fijaciones de snowboard\r\nMedida universal M6\r\nCabeza fresada y arandelas fresadas, para que no sobresalgan del plato\r\n100% acero inoxidable.\r\nEl set incluye 8 arandelas y 8 tornillos (para 2 fijaciones de snowboard)',2225.00,0,5,50,17),(72,'Tornillo Punta Mecha 8 X 1/2 Cabeza Tanque X 1000 Unidades','Tornillo ARGENRAP Punta Mecha 8 X 1/2 Cabeza Tanque X 1000 Unidades\r\n\r\nESPECIFICACIONES\r\n\r\n# Marca : ARGENRAP\r\n# Modelo : RAPTOR\r\n# Tornillo Punta Mecha\r\n-Cantidad 1000 Unidades\r\n-Medida 8 x 1/2\" (13 mm)\r\n-Color Zincado\r\n-Cabeza Tanque\r\n-Para colocar con Punta PH2\r\n-Industria Nacional \r\n\r\nQUE INCLUYE\r\n\r\n# Tornillo ARGENRAP Punta Mecha 8 X 1/2 Cabeza Tanque X 1000 Unidades',3990.00,0,5,50,17),(73,'Bulón Cabeza Redonda Cuello Cuadrado 1/4x 2 1/4 X100u Dorado','Tipo de tornillo: Bulon\r\nForma de la cabeza: Redonda\r\nSistema de apriete: Hexagonal\r\nForma de la rosca: Whitworth\r\nFormato de venta: Pack\r\nUnidades por pack: 100\r\nLargo: 57 mm',3107.00,0,5,50,17),(74,'Tarugo Py 8mm Con Tope + Tornillo 5x45 X 100 Unidades','Largo: 45 mm\r\nMaterial: Metal\r\nCantidad de tarugos: 100\r\nTipo de uso: Fijacion\r\nTope: Sí\r\nTornillo: Sí',2000.00,0,5,50,17),(75,'Remaches Para Cuchillo Nº4 Bronce X 50 Juegos','Medidas Hembra (mm):\r\n-ø vastago: 5,4\r\n-Largo vastago (bajo cabeza): 13,5\r\n-ø cabeza: 8\r\n-Espesor cabeza: 1,5\r\n-Largo total: 15\r\n\r\nMedidas Macho (mm):\r\n-ø vastago: 3,6\r\n-Largo vastago (bajo cabeza): 12,7\r\n-ø cabeza: 8\r\n-Espesor cabeza: 1,5\r\n-Largo total: 14,2',4783.00,0,5,50,17),(76,'Tuercas Hexagonales 1/4 Zincadas X 100 Unidades','TUERCAS HEXAGONALES 1/4\"\r\nHEXAGONO 7/16\" = 11,11 mm\r\nALTURA 5,5 mm\r\nTERMINACION ZINCADA\r\nPRECIO POR 100 UNIDADES',550.00,0,5,50,17),(77,'Tornillos Cabeza Tanque 5/32 X 1.1/4 C/tuercas Pack X 50 Un','Tornillos Cabeza Combinada Tanque de Hierro Zincado\r\nMedida: 5/32 x 1.1/4\"\r\nCaja x 50 unidades con tuercas\r\nCalidad de Material : Hierro',1225.00,0,5,50,17);
/*!40000 ALTER TABLE `products` ENABLE KEYS */;
UNLOCK TABLES;

--
-- Table structure for table `subcategorys`
--

DROP TABLE IF EXISTS `subcategorys`;
/*!40101 SET @saved_cs_client     = @@character_set_client */;
/*!50503 SET character_set_client = utf8mb4 */;
CREATE TABLE `subcategorys` (
  `idSubCategory` int(11) NOT NULL AUTO_INCREMENT,
  `name` varchar(100) NOT NULL,
  `idCategory` int(11) NOT NULL,
  PRIMARY KEY (`idSubCategory`),
  KEY `subcategorys_FK` (`idCategory`),
  CONSTRAINT `subcategorys_FK` FOREIGN KEY (`idCategory`) REFERENCES `categorys` (`IdCategory`)
) ENGINE=InnoDB AUTO_INCREMENT=36 DEFAULT CHARSET=utf8mb4;
/*!40101 SET character_set_client = @saved_cs_client */;

--
-- Dumping data for table `subcategorys`
--

LOCK TABLES `subcategorys` WRITE;
/*!40000 ALTER TABLE `subcategorys` DISABLE KEYS */;
INSERT INTO `subcategorys` VALUES (1,'Aire acondicionado',1),(2,'Ventiladores',1),(3,'Estufas y Calefactores',1),(4,'Muebles para exterior',4),(5,'Piscinas y accesorios',4),(6,'Riego',4),(7,'Insecticidas y repelentes',4),(8,'Cuidado y lavandería',5),(9,'Bazar y Cocina',5),(10,'Adornos y Decoración',5),(11,'Interruptores y enchufes',2),(12,'Cables y accesorios',2),(13,'Tableros y medidores',2),(14,'Eléctricas',3),(15,'Combustión',3),(16,'Manuales',3),(17,'Fijaciones',6),(18,'Accesorios para aberturas',6),(19,'Adhesivos y selladores',6),(20,'Caños',6),(21,'Alambres',6),(22,'Varios',6);
/*!40000 ALTER TABLE `subcategorys` ENABLE KEYS */;
UNLOCK TABLES;

--
-- Table structure for table `users`
--

DROP TABLE IF EXISTS `users`;
/*!40101 SET @saved_cs_client     = @@character_set_client */;
/*!50503 SET character_set_client = utf8mb4 */;
CREATE TABLE `users` (
  `idUser` int(11) NOT NULL AUTO_INCREMENT,
  `email` varchar(80) NOT NULL,
  `password` varchar(80) NOT NULL,
  `typeOfAccess` varchar(15) NOT NULL,
  PRIMARY KEY (`idUser`),
  UNIQUE KEY `users_un` (`email`)
) ENGINE=InnoDB AUTO_INCREMENT=10 DEFAULT CHARSET=utf8mb4;
/*!40101 SET character_set_client = @saved_cs_client */;

--
-- Dumping data for table `users`
--

LOCK TABLES `users` WRITE;
/*!40000 ALTER TABLE `users` DISABLE KEYS */;
INSERT INTO `users` VALUES (1,'admin@mail.com','$2a$12$lOmmimHAmlVbv6O4Qq1mse0EeTRSIUH30VRL5Hq4Xteelk8Perde6','admin'),(2,'user@mail.com','$2a$12$lqxw0Fjf9mhsbpaHZPY4tOxylGaCTc0xXaRbE3dFx.K2lUSTcDYJq','user');
/*!40000 ALTER TABLE `users` ENABLE KEYS */;
UNLOCK TABLES;

--
-- Table structure for table `usersdetail`
--

DROP TABLE IF EXISTS `usersdetail`;
/*!40101 SET @saved_cs_client     = @@character_set_client */;
/*!50503 SET character_set_client = utf8mb4 */;
CREATE TABLE `usersdetail` (
  `idUserDetail` int(11) NOT NULL AUTO_INCREMENT,
  `firstName` varchar(80) DEFAULT NULL,
  `lastName` varchar(80) DEFAULT NULL,
  `avatar` varchar(100) DEFAULT NULL,
  `phone` varchar(20) DEFAULT NULL,
  `address` varchar(100) DEFAULT NULL,
  `postalCode` varchar(15) DEFAULT NULL,
  `province` varchar(50) DEFAULT NULL,
  `city` varchar(50) DEFAULT NULL,
  `idUser` int(11) NOT NULL,
  PRIMARY KEY (`idUserDetail`),
  KEY `usersdetail_FK` (`idUser`),
  CONSTRAINT `usersdetail_FK` FOREIGN KEY (`idUser`) REFERENCES `users` (`idUser`)
) ENGINE=InnoDB AUTO_INCREMENT=10 DEFAULT CHARSET=utf8mb4;
/*!40101 SET character_set_client = @saved_cs_client */;

--
-- Dumping data for table `usersdetail`
--

LOCK TABLES `usersdetail` WRITE;
/*!40000 ALTER TABLE `usersdetail` DISABLE KEYS */;
INSERT INTO `usersdetail` VALUES (1,'admin','admin','admin_avatar.jpg',NULL,NULL,NULL,NULL,NULL,1),(2,'user','user','user_avatar.jpg','','','','','',2);
/*!40000 ALTER TABLE `usersdetail` ENABLE KEYS */;
UNLOCK TABLES;

--
-- Dumping routines for database 'picopala'
--
/*!40103 SET TIME_ZONE=@OLD_TIME_ZONE */;

/*!40101 SET SQL_MODE=@OLD_SQL_MODE */;
/*!40014 SET FOREIGN_KEY_CHECKS=@OLD_FOREIGN_KEY_CHECKS */;
/*!40014 SET UNIQUE_CHECKS=@OLD_UNIQUE_CHECKS */;
/*!40101 SET CHARACTER_SET_CLIENT=@OLD_CHARACTER_SET_CLIENT */;
/*!40101 SET CHARACTER_SET_RESULTS=@OLD_CHARACTER_SET_RESULTS */;
/*!40101 SET COLLATION_CONNECTION=@OLD_COLLATION_CONNECTION */;
/*!40111 SET SQL_NOTES=@OLD_SQL_NOTES */;

-- Dump completed on 2023-05-26 10:42:01
